818569.0,105.60179718733377,0.0,0.0,140.608
1834114.0,94.31579857304175,0.0,0.0,502.509
2.38458E7,70.0710843373494,0.0,0.0,2788.9
5.3471021E7,218.92167900440472,0.0,0.0,64302.7
1.9502024E7,67599.80158730158,0.0,0.0,448147.0
127028.0,76.3864460505644,0.0,0.0,96.3126
1.7680529E7,1866.3129036028865,0.0,0.0,314889.0
1.7181427E7,6757.555555555556,0.0,0.0,59506.6
1.3104928E7,307.8493045012128,0.0,0.0,26251.2
3.6723149E7,0.0,2206.5,0.0,2854.87
2.1644655E7,453.28187103974653,0.0,0.0,2341.23
48693.0,212.24497048726877,0.0,0.0,24422.9
3350864.0,440.0321385762422,0.0,0.0,6636.93
3285501.0,157.69391041305477,0.0,0.0,19295.0
111680.0,313.80741990520306,0.0,0.0,6264.66
3711740.0,155.71406261112583,0.0,0.0,661.784
1.8332774E7,87.69653424443402,0.0,0.0,22359.9
9930.0,182.64170495190962,0.0,0.0,1199.92
120348.0,127.72287723773339,0.0,0.0,78.406
1468357.0,54.026666666666664,0.0,0.0,831.425
879117.0,189.8798546445605,0.0,0.0,118.931
188200.0,3071.841484003326,0.0,0.0,28450.0
2641773.0,131.443371536868,0.0,0.0,5073.4
1.8627648E7,131.75715421819717,0.0,0.0,6629.39
1466144.0,1174.2198581560283,0.0,0.0,326704.0
43196.0,211.9844552607634,0.0,0.0,4239.33
90176.0,121.38404173860393,0.0,0.0,948.289
1878145.0,26.576519392243103,0.0,0.0,510.991
1231994.0,113.63398692810459,0.0,0.0,205.637
6697845.0,411.84404772824786,0.0,0.0,6621.85
27787.0,183.47458508511366,0.0,0.0,219.774
233146.0,550.1330387909647,0.0,0.0,29760.9
69284.0,82.27601175899984,0.0,0.0,546.805
1249257.0,1263.7478276583727,0.0,0.0,24883.7
338076.0,159.6692728973534,0.0,0.0,378.106
117893.0,113.20493564132428,0.0,0.0,1932.21
1122183.0,97.80795942781681,181.8421052631579,0.0,3450.5
3149615.0,304.57608695652175,0.0,0.0,1260.24
289641.0,309.5254296602015,0.0,0.0,1544.86
412020.0,1442.0471476701869,0.0,0.0,11738.4
4098316.0,469.2544446375753,0.0,0.0,11662.1
329300.0,52.27952810718258,0.0,0.0,5129.01
157662.0,1186.482210680566,0.0,0.0,34781.4
2587858.0,158.9004589541319,0.0,0.0,657.072
1932375.0,110.29974935607834,0.0,0.0,128.356
8853.0,0.0,0.0,0.0,95.3701
357184.0,547.46875,0.0,0.0,10855.3
96203.0,214.8644405531368,0.0,0.0,3713.44
1692130.0,172.05460657919411,0.0,0.0,1962.37
2872003.0,214.44776250365604,0.0,0.0,1780.47
553538.0,177.03464970882655,0.0,0.0,226.371
147744.0,659.5776244438841,0.0,0.0,1684.34
2201137.0,0.0,0.0,0.0,9997.71
502163.0,1261.9988673950545,0.0,0.0,66742.8
538561.0,157.69391041305477,0.0,0.0,23841.4
425421.0,1619.4161939564515,2920.390243902439,0.0,59585.8
683713.0,142.44094545516634,0.0,0.0,1287.57
603177.0,300.184126984127,0.0,0.0,16761.7
213687.0,134.779862197296,0.0,0.0,5178.01
520687.0,308.3759408680415,0.0,0.0,8321.09
192779.0,22.90284463894967,0.0,0.0,1537.32
3138922.0,839.15625,0.0,0.0,8761.22
87441.0,199.1376162978265,0.0,0.0,645.762
1342631.0,226.72506196855312,0.0,0.0,16374.3
538249.0,144.9422789242049,0.0,0.0,1557.11
355193.0,1687.093313746983,0.0,0.0,27040.1
3047457.0,59.17796746935039,0.0,0.0,2654.13
516227.0,35.800458430458434,0.0,0.0,412.034
30098.0,179.84717147603442,0.0,0.0,796.554
430100.0,626.3801413651537,0.0,0.0,18718.2
215263.0,0.0,0.0,0.0,8381.41
123695.0,177.11193672859574,0.0,0.0,3586.21
1104716.0,107.64710965710057,0.0,0.0,14448.9
15966.0,125.17194742624636,0.0,0.0,1002.95
102008.0,134.4409153318078,0.0,0.0,2162.17
240575.0,130.9390790380745,0.0,0.0,1024.63
427766.0,77.57173146559938,0.0,0.0,4471.18
231453.0,157.69391041305477,0.0,0.0,2623.03
51800.0,196.62020202020202,0.0,0.0,627.856
808675.0,171.39551711196418,0.0,0.0,1673.03
722567.0,173.4516706784238,0.0,0.0,263.127
993625.0,151.39045130153852,0.0,0.0,5499.39
1559850.0,860.6462761456712,0.0,0.0,2204.58
74082.0,217.22638688422586,0.0,0.0,17731.5
91911.0,394.76042004194704,0.0,0.0,5287.34
1331063.0,157.69391041305477,0.0,0.0,12341.6
56852.0,188.78990686835513,0.0,0.0,458.214
7137767.0,158.67842386067073,0.0,0.0,1689.06
223234.0,1395.409090909091,0.0,0.0,2403.44
154346.0,1059.5964196809591,0.0,0.0,9569.84
38335.0,227.5653977160017,0.0,0.0,348.89
18459.0,113.12218468468468,0.0,0.0,2152.74
63692.0,176.26101760699038,0.0,0.0,654.244
560533.0,442.86637785291634,0.0,0.0,21526.7
2563.0,130.46179401993356,0.0,0.0,775.82
2078174.0,81.53566599841088,0.0,0.0,535.495
80344.0,68.88373719823079,0.0,0.0,3366.62
20728.0,105.12927360870317,0.0,0.0,4397.66
4469.0,615.7361190565308,0.0,0.0,3982.04
323239.0,2526.7775833845735,0.0,0.0,20114.9
39203.0,141.8,0.0,0.0,2164.05
2.0098074E7,1342.89662753679,0.0,0.0,19978.3
1154977.0,384.0859835363891,0.0,0.0,1995.35
1043246.0,113.0330459770115,0.0,0.0,6805.63
751998.0,101.17832487537738,0.0,0.0,1035.94
1189582.0,201.14285714285714,0.0,0.0,3562.65
2249175.0,222.7895075312989,0.0,0.0,41348.4
1944335.0,86.54467805519054,0.0,0.0,2774.76
116310.0,233.25508931110485,0.0,0.0,1646.65
1048934.0,197.94411163086912,0.0,0.0,3295.94
316872.0,0.0,0.0,0.0,5249.64
60064.0,168.15865468626927,0.0,0.0,1049.13
3685342.0,59.94484994114673,0.0,0.0,4303.42
55623.0,1422.0,1422.0,0.0,805.979
1712735.0,72.70658827524171,0.0,0.0,832.368
45028.0,105.67215531058064,0.0,0.0,1581.62
1158513.0,131.7989304344654,0.0,0.0,3526.84
155499.0,43.398305084745765,0.0,0.0,770.166
230385.0,147.11426468102692,0.0,0.0,854.044
189640.0,120.675,0.0,0.0,3735.12
726125.0,157.69391041305477,0.0,0.0,17333.8
28466.0,595.1172830374753,0.0,0.0,78.406
111822.0,342.75061425061426,0.0,0.0,4392.01
1404202.0,271.73250185986785,0.0,0.0,7379.58
9685.0,140.96738506225546,0.0,0.0,89.7154
215395.0,111.56399132321042,0.0,0.0,1333.75
390701.0,148.73325935983502,3126.6138996139,0.0,729.64
665.0,0.0,0.0,0.0,208.464
244727.0,230.13005303660867,0.0,0.0,3571.13
647778.0,0.0,0.0,0.0,17560.9
1678.0,122.98469009305046,0.0,0.0,159.457
1055475.0,180.94955897856684,0.0,0.0,2912.36
44987.0,143.5690546653815,0.0,0.0,124.586
1294284.0,0.0,0.0,0.0,726.813
1636228.0,89.45555065089079,0.0,0.0,1622.14
571628.0,96.12844494205132,0.0,0.0,2639.05
855118.0,201.83333333333334,0.0,0.0,16017.2
578036.0,0.0,0.0,0.0,925.67
1544938.0,143.21826501675687,0.0,0.0,18023.6
163866.0,243.8908404120155,0.0,0.0,3114.99
72724.0,92.11954584056316,0.0,0.0,1829.48
8026.0,0.0,0.0,0.0,113.277
65561.0,226.5281761006289,0.0,0.0,6361.73
1226912.0,223.59701894583216,0.0,0.0,559.057
209311.0,79.25193666260657,0.0,0.0,836.137
259190.0,483.1531199314894,0.0,0.0,18177.3
65924.0,174.44219783794316,0.0,0.0,1770.11
2886275.0,0.0,0.0,0.0,2900.11
71627.0,594.38736773836,0.0,0.0,3481.6
52366.0,247.0,0.0,0.0,2495.8
286667.0,99.26599713111494,0.0,0.0,4998.01
4476932.0,338.9230769230769,0.0,0.0,8208.0
18466.0,57.75248267606346,0.0,0.0,1110.39
4002079.0,125.79706296425316,0.0,0.0,4240.27
1382838.0,187.76820816768756,0.0,0.0,1656.07
2782297.0,220.39034069187338,0.0,0.0,20114.9
175577.0,192.38032626371472,0.0,0.0,379.991
788422.0,137.01300627995354,0.0,0.0,381.876
505086.0,586.6769271986367,0.0,0.0,5559.71
219572.0,203.42774567284445,0.0,0.0,452.559
264766.0,160.7161775933051,0.0,0.0,984.102
2080273.0,271.24822837827486,0.0,0.0,4296.82
54002.0,141.62289455142468,0.0,0.0,2169.71
13118.0,157.69391041305477,0.0,0.0,842.735
144641.0,105.98038890502085,0.0,0.0,704.194
273437.0,195.98492026776725,0.0,0.0,4767.1
171441.0,83.53613490364026,0.0,0.0,1545.8
182478.0,201.33727272727273,0.0,0.0,4098.91
375857.0,298.05972296885636,0.0,0.0,2638.11
122186.0,547.0233517826183,0.0,0.0,8021.39
215656.0,76.55,0.0,0.0,7927.15
1845943.0,123.0304347826087,0.0,0.0,5461.69
1979063.0,32.549668874172184,0.0,0.0,2585.33
1331412.0,198.44599591369783,0.0,0.0,2563.65
486805.0,742.2581845238095,0.0,0.0,2136.72
171775.0,76.09235837388545,0.0,0.0,2085.83
35180.0,157.69391041305477,0.0,0.0,5593.64
98402.0,52.35294117647059,0.0,0.0,6453.15
197751.0,0.0,0.0,0.0,1877.55
1544979.0,335.7411917151848,0.0,0.0,15015.3
54274.0,0.0,2436.818181818182,0.0,1899.22
656611.0,490.47430830039525,0.0,0.0,642.935
1829194.0,263.7446475585166,0.0,0.0,1915.25
963963.0,157.69391041305477,0.0,0.0,3881.2
1828791.0,135.50584184395933,0.0,0.0,10496.3
133390.0,157.69391041305477,0.0,0.0,38405.1
158577.0,124.9044463068877,0.0,0.0,1954.83
1283069.0,148.5876928852527,0.0,0.0,686.288
311200.0,285.9174280907325,0.0,0.0,5587.04
1972763.0,166.21608160106467,0.0,0.0,1894.51
2986961.0,152.83599753351524,0.0,0.0,4686.05
1296283.0,588.1720547041991,1225.1818181818182,0.0,5015.91
92684.0,77.71231828615149,0.0,0.0,1138.66
60057.0,70.53854843321535,0.0,0.0,104.795
1025483.0,175.34450391107453,0.0,0.0,7438.96
4315.0,139.4491385617115,0.0,0.0,6869.72
1704236.0,26.282318402175793,0.0,0.0,3203.58
1358236.0,178.3301538315102,0.0,0.0,5940.46
1166.0,0.0,0.0,0.0,203.752
3174058.0,40.47724148058295,0.0,0.0,3344.0
261934.0,182.493260454256,0.0,0.0,4199.75
612876.0,158.4774194480917,0.0,0.0,927.555
145787.0,149.8838633310165,0.0,0.0,735.295
528590.0,157.69391041305477,0.0,0.0,2122.58
198674.0,252.34404013176788,0.0,0.0,4408.97
409702.0,0.0,0.0,0.0,1584.44
218572.0,121.23943103544883,0.0,0.0,2869.01
59196.0,431.68469422515807,0.0,0.0,34271.5
77614.0,152.32740422879814,0.0,0.0,149.09
21744.0,0.0,0.0,0.0,4812.34
349329.0,157.69391041305477,0.0,0.0,1355.43
254694.0,148.38096349718882,0.0,0.0,4853.81
41407.0,428.4238592048344,0.0,0.0,3885.91
48919.0,123.02327913044341,0.0,0.0,610.891
5103249.0,173.62998567667452,2090.0,0.0,2019.86
174586.0,1593.3722916666666,0.0,0.0,4753.91
69559.0,59.78129713423831,0.0,0.0,283.861
625334.0,342.1366998694243,0.0,0.0,2268.66
263651.0,133.57784311291257,0.0,0.0,1158.46
434410.0,87.88386065090614,0.0,0.0,16698.5
2391243.0,115.38528194719363,0.0,0.0,2241.33
193063.0,276.7950004244122,0.0,0.0,3508.93
1555060.0,393.932711868266,0.0,0.0,10375.6
3277021.0,172.71188616312287,0.0,0.0,1218.77
3541090.0,77.89636696288552,0.0,0.0,3688.0
24570.0,1951.3,0.0,0.0,5385.35
493399.0,183.0278758900309,0.0,0.0,386.588
210001.0,36.50623885918004,0.0,0.0,199.04
286613.0,40.15481220657277,203.58333333333334,0.0,1550.52
1267234.0,523.6264045229674,0.0,0.0,3302.53
42899.0,166.90847866184774,0.0,0.0,131.183
26730.0,103.9298245614035,0.0,0.0,208.464
537976.0,136.30437502159194,0.0,0.0,1065.15
850630.0,126.44667830277513,0.0,0.0,1313.96
4196.0,82.11107346403291,0.0,0.0,89.7154
803497.0,228.8426385770418,0.0,0.0,1443.08
285015.0,83.24992543990457,0.0,0.0,812.576
129116.0,125.73904417678341,0.0,0.0,1690.94
1329654.0,107.99276260764057,0.0,0.0,4158.28
222376.0,817.2860713255792,0.0,0.0,4531.49
220512.0,157.79196353871484,0.0,0.0,747.547
25996.0,0.0,0.0,0.0,1948.23
2837235.0,249.24721822951582,0.0,0.0,908.706
200131.0,79.23243926799722,0.0,0.0,1277.21
1180834.0,0.0,0.0,0.0,3092.37
434237.0,365.5514963880289,0.0,0.0,1551.46
1437376.0,127.16494113898227,0.0,0.0,585.445
456017.0,157.69391041305477,0.0,0.0,2710.67
397243.0,184.11597402730493,0.0,0.0,1628.74
481382.0,102.60387386879421,0.0,0.0,789.015
106765.0,144.88493865658882,0.0,0.0,470.466
2771638.0,0.0,0.0,0.0,1945.4
167496.0,279.0319534312242,0.0,0.0,1823.83
131673.0,0.0,199.25,0.0,480.833
28877.0,135.39582984296777,0.0,0.0,1021.8
238941.0,204.32487300403008,0.0,0.0,2143.32
255810.0,130.13608128734484,0.0,0.0,789.957
13054.0,126.69536523936596,0.0,0.0,341.35
2181159.0,272.66554013146515,0.0,0.0,4476.83
56152.0,119.69899456636892,0.0,0.0,819.173
750139.0,183.9939238602648,0.0,0.0,9225.85
125438.0,157.69391041305477,0.0,0.0,2006.66
2617757.0,490.56884553747534,0.0,0.0,4774.65
359109.0,186.5833682582891,0.0,0.0,956.771
1148443.0,96.75577818601273,259.7037037037037,0.0,277.263
8936.0,286.8416370127614,0.0,0.0,3207.35
819014.0,73.56774193548387,0.0,0.0,7637.81
1.2237309E7,342.79122999841366,2344.9464285714284,0.0,694.77
33068.0,108.99679737556207,0.0,0.0,964.311
628562.0,274.4725153590879,0.0,0.0,1450.62
30151.0,108.14082640477177,0.0,0.0,1914.3
870060.0,106.31546021493322,0.0,0.0,1067.98
79652.0,221.95094660154865,0.0,0.0,1385.59
1641067.0,106.30607756897241,0.0,0.0,5132.78
1758597.0,136.16708921845577,0.0,0.0,4261.95
231900.0,190.31076623659976,1027.0625,0.0,932.268
1562621.0,76.35500652521681,0.0,0.0,4101.73
280512.0,385.2843175343175,0.0,0.0,1313.02
1192584.0,316.277118460736,0.0,0.0,3671.03
165677.0,0.0,0.0,0.0,283.861
282760.0,133.39266412131028,0.0,0.0,1526.01
252944.0,0.0,0.0,0.0,139.665
218184.0,94.84151736214795,0.0,0.0,1629.68
85501.0,160.40862950710428,0.0,0.0,1213.12
246265.0,209.46401801820056,0.0,0.0,799.382
170274.0,94.45021307618705,0.0,0.0,3532.49
9903.0,114.69447050461977,0.0,0.0,3392.07
8226464.0,581.421030664674,0.0,0.0,6733.06
100949.0,457.7814465408805,0.0,0.0,7170.36
104596.0,161.13075642382896,0.0,0.0,1442.13
599071.0,490.55401480937286,0.0,0.0,3475.95
23332.0,150.4178412886231,0.0,0.0,809.749
5965.0,99.89856681882706,0.0,0.0,382.818
1.7311043E7,248.65444023651744,0.0,0.0,7213.71
412628.0,0.0,2436.818181818182,0.0,16811.6
202096.0,149.19905772028682,0.0,0.0,1274.38
3582956.0,167.70076229998708,0.0,0.0,7887.56
236465.0,36.48247453067474,0.0,0.0,1087.77
222562.0,166.74505283381365,0.0,0.0,287.63
2372056.0,234.96140530718012,0.0,0.0,825.771
64046.0,174.2002689557821,0.0,0.0,898.339
24080.0,157.69391041305477,0.0,0.0,438.423
1045481.0,92.75,0.0,0.0,1523.19
195703.0,111.69226319841763,0.0,0.0,1127.36
541365.0,129.12843379901534,0.0,0.0,1148.09
1097397.0,274.36766015208616,0.0,0.0,15424.4
1849199.0,301.17126580150926,0.0,0.0,863.469
231585.0,126.15192765882122,0.0,0.0,117.989
23744.0,122.18347423510467,0.0,0.0,878.548
21990.0,216.8831961628936,0.0,0.0,750.374
766071.0,35.09942198779176,0.0,0.0,1816.29
236963.0,105.70250206670816,0.0,0.0,963.368
18578.0,83.53041549107057,0.0,0.0,114.219
99661.0,368.49933415108285,0.0,0.0,1639.11
1463942.0,2868.690819521179,0.0,0.0,3385.47
65532.0,258.11577046643015,0.0,0.0,562.826
243668.0,398.83994309775807,0.0,0.0,707.964
21285.0,211.625,0.0,0.0,149.09
73998.0,296.3903726218101,0.0,0.0,918.131
16161.0,118.5136070388099,0.0,0.0,118.931
1053715.0,481.08900578253105,0.0,0.0,1209.35
2415494.0,157.69391041305477,0.0,0.0,517.589
645598.0,110.34618953773393,0.0,0.0,2456.21
34830.0,0.0,0.0,0.0,653.302
68820.0,1558.7158928498723,0.0,0.0,3766.22
129999.0,306.96577023052885,0.0,0.0,306.479
399442.0,184.53907315426454,0.0,0.0,541.15
3555621.0,256.69757787558115,0.0,0.0,866.296
198214.0,202.92571213876016,0.0,0.0,223.544
446784.0,125.45750772943757,0.0,0.0,286.688
275.0,169.4916856590131,0.0,0.0,77.4635
4243553.0,173.8591905709079,0.0,0.0,150.975
600756.0,201.14285714285714,0.0,0.0,665.554
235957.0,286.8176550630122,0.0,0.0,496.855
171688.0,0.0,0.0,0.0,268.781
413925.0,138.8476704440002,0.0,0.0,326.271
34819.0,124.67975604338652,0.0,0.0,287.63
254599.0,77.0223880597015,0.0,0.0,1642.88
123290.0,125.76671035386632,0.0,0.0,667.439
503282.0,144.16903047011525,0.0,0.0,1803.09
65776.0,0.0,0.0,0.0,6090.31
9756.0,0.0,0.0,0.0,3023.57
68739.0,194.685930398054,0.0,0.0,407.322
761542.0,108.32082236839544,0.0,0.0,595.812
22673.0,153.3645622648327,0.0,0.0,482.718
743239.0,190.06838430561362,0.0,0.0,384.703
1719355.0,114.41992000277739,0.0,0.0,1766.34
366317.0,250.27468847452388,0.0,0.0,648.589
4210.0,119.63280042277385,0.0,0.0,172.651
8054691.0,208.6402759787329,49.0625,0.0,465.754
232266.0,122.78635008681971,0.0,593.0,638.223
69992.0,154.02695453473052,0.0,0.0,647.647
1394.0,151.0482567357492,0.0,0.0,269.724
2050431.0,151.12023857257418,0.0,0.0,4361.85
115817.0,60.33266813363172,0.0,0.0,167.939
659485.0,177.40059250518712,0.0,0.0,1266.84
328800.0,353.24982099590267,147.35294117647058,0.0,340.408
9163.0,94.02540158391622,0.0,0.0,295.17
3015661.0,218.3583045691124,0.0,0.0,1037.82
1001989.0,38.75,0.0,0.0,112.334
5423.0,211.94578177497021,0.0,0.0,310.249
24019.0,549.6428582124706,0.0,0.0,11419.9
1389.0,169.40405971912034,0.0,0.0,389.415
1.4623443E7,313.50409836065575,0.0,0.0,17288.5
299293.0,334.9876236779256,0.0,0.0,1909.59
272664.0,191.92436184273177,0.0,0.0,1502.45
230828.0,86.45460897139144,0.0,0.0,177.363
60009.0,156.4065740113824,0.0,0.0,1464.75
590172.0,437.5889600788566,0.0,0.0,3073.52
47831.0,0.0,0.0,0.0,217.889
814527.0,109.15957401258338,0.0,0.0,1056.67
26839.0,102.1420460097388,0.0,0.0,444.077
328438.0,139.77283233911223,0.0,0.0,645.762
62094.0,88.89304640608988,0.0,0.0,425.228
2642695.0,108.37094137137963,211.4808959156785,0.0,186.788
56410.0,152.69492335587913,0.0,0.0,536.438
1251.0,227.95480624944832,0.0,0.0,126.471
1264.0,192.82435833125155,130.89622075584884,0.0,121.759
265125.0,212.9896551724138,0.0,0.0,797.497
888942.0,144.23628656037747,0.0,0.0,280.091
94483.0,455.39189113901887,0.0,0.0,772.993
299877.0,1284.2751481919202,0.0,0.0,6909.3
4.1752932E7,115.85922608679127,0.0,0.0,2750.26
38629.0,0.0,0.0,0.0,90.6579
161967.0,217.10348607999728,0.0,0.0,1100.02
25097.0,132.9947696470548,429.3378378378378,0.0,236.738
1618023.0,60.75265526815106,561.6756756756756,0.0,203.752
274758.0,232.19926248304438,0.0,0.0,1148.09
36793.0,131.70899487484837,0.0,0.0,259.357
362505.0,250.11757925072047,0.0,0.0,344.177
649130.0,160.30956449533247,0.0,0.0,1356.37
490355.0,81.9246045204544,0.0,0.0,1743.72
3234909.0,390.69379029273284,0.0,0.0,1049.13
276881.0,154.85666678516162,0.0,0.0,1133.01
305923.0,60.85293663640962,0.0,0.0,107.622
2164192.0,109.4100870419105,0.0,0.0,1275.32
21373.0,0.0,0.0,0.0,85.9456
59311.0,0.0,0.0,0.0,1746.55
140.0,0.0,0.0,0.0,78.406
1291.0,0.0,0.0,0.0,311.192
213691.0,134.11193726902832,0.0,0.0,224.486
1442817.0,147.59249571297798,0.0,0.0,574.136
1033162.0,173.67805431784768,0.0,0.0,4970.67
581706.0,51.37001897533207,0.0,0.0,1178.25
114291.0,118.26695499168127,0.0,0.0,462.926
290455.0,144.17610507745337,0.0,0.0,596.755
3341925.0,132.51819665132012,0.0,0.0,757.914
1760773.0,3042.20732110358,0.0,0.0,44598.0
175639.0,163.47129063216394,0.0,0.0,1287.57
116518.0,146.8676000575685,0.0,0.0,104.795
118554.0,131.68924202868862,0.0,0.0,189.615
233230.0,143.4352638959357,0.0,0.0,1482.66
17573.0,157.69391041305477,0.0,0.0,1070.81
441574.0,156.8098932750384,0.0,0.0,962.426
24129.0,163.2525140645324,0.0,0.0,1152.8
16980.0,22.96064814814815,0.0,0.0,271.609
450533.0,243.64181091877498,0.0,0.0,398.84
21003.0,457.0717363071711,0.0,0.0,1066.1
299151.0,1691.91,0.0,0.0,717.388
58113.0,77.81070084772655,0.0,0.0,1203.69
53378.0,253.73464947622887,0.0,0.0,748.489
46187.0,116.11781202865761,0.0,0.0,339.465
43284.0,184.91191964657617,258.3333333333333,0.0,379.991
4125.0,0.0,0.0,0.0,138.723
5481.0,0.0,0.0,0.0,219.774
2299.0,0.0,0.0,0.0,117.989
4104.0,90.23311972077747,0.0,0.0,260.299
2055.0,0.0,0.0,0.0,207.522
2015830.0,407.45012022800125,0.0,0.0,1906.76
1909369.0,163.08330531850436,0.0,0.0,531.725
859056.0,279.9135090746298,193.66666666666666,0.0,1928.44
11587.0,317.27331122776303,0.0,0.0,290.458
36533.0,165.3999732497544,0.0,0.0,283.861
100476.0,103.56178937056362,0.0,0.0,225.428
973254.0,181.59314328769634,0.0,0.0,586.388
1689480.0,89.05230451403258,0.0,0.0,828.598
30683.0,84.7981129156132,0.0,0.0,99.1399
15723.0,1850.204470132487,0.0,0.0,135.896
931434.0,140.3872070792033,0.0,0.0,122.701
17517.0,200.9886989762839,86.375,0.0,248.047
116894.0,56.485232067510545,0.0,0.0,1098.14
61435.0,80.48516019797127,0.0,0.0,527.013
570370.0,174.94106052990696,0.0,0.0,949.232
337054.0,335.3196672872747,0.0,0.0,349.832
144235.0,169.7672067239695,0.0,0.0,294.228
182350.0,193.27376314949478,563.0,0.0,234.853
1578737.0,157.69391041305477,0.0,0.0,1444.02
736164.0,182.9613714036776,0.0,0.0,135.896
62.0,154.0024314765694,0.0,0.0,71.8088
562086.0,126.04833692221676,0.0,0.0,5026.28
19154.0,201.29186991869918,0.0,0.0,1569.37
572.0,0.0,0.0,0.0,68.9815
658748.0,126.63403199117485,0.0,0.0,599.582
609145.0,0.0,0.0,0.0,607.122
189001.0,223.70526335081306,0.0,0.0,1236.68
742930.0,425.33169027380603,0.0,0.0,475.178
120794.0,0.0,0.0,0.0,134.953
101351.0,0.0,297.8888888888889,0.0,461.984
437138.0,201.51354668767192,0.0,0.0,597.697
9043.0,0.0,0.0,0.0,168.881
6295.0,9.855869400815923,0.0,0.0,220.716
12834.0,0.0,0.0,0.0,183.018
545565.0,176.4115123869612,0.0,0.0,882.318
2483529.0,115.70530219794011,0.0,0.0,680.633
6192.0,0.0,0.0,0.0,177.363
589554.0,503.7963593081898,0.0,0.0,4046.13
338213.0,132.57142857142858,0.0,0.0,691.0
2233416.0,231.82781231926802,0.0,0.0,610.891
288202.0,198.9971480888448,0.0,0.0,192.443
587930.0,42.19662666147798,0.0,0.0,645.762
2799.0,0.0,0.0,0.0,611.834
440837.0,107.25815174757436,0.0,0.0,281.033
9428429.0,126.15512833044382,0.0,0.0,978.448
5539387.0,548.3015462798514,0.0,0.0,82.1758
107458.0,157.69391041305477,0.0,0.0,512.876
124368.0,99.68076644731094,0.0,0.0,101.967
55871.0,0.0,0.0,0.0,2456.21
82771.0,0.0,0.0,0.0,1818.17
369467.0,97.18220946948975,227.0,0.0,143.435
34935.0,150.02946716042277,0.0,0.0,185.846
79381.0,101.68398783012024,0.0,0.0,254.645
429011.0,1163.9836109897883,0.0,0.0,4558.82
2860048.0,47.10747105401549,0.0,0.0,799.382
18534.0,146.08648518525317,0.0,0.0,286.688
48631.0,114.52114285714285,0.0,0.0,224.486
377641.0,265.4059501907898,0.0,0.0,996.354
5.5304606E7,338.04137111151255,0.0,0.0,2445.85
46653.0,150.8997498949654,0.0,0.0,276.321
3039777.0,55.10679891862896,0.0,0.0,980.333
230352.0,193.84103135482914,0.0,0.0,355.487
1912.0,340.5734655314927,0.0,0.0,439.365
91971.0,69.708,0.0,0.0,217.889
268174.0,332.35681148162155,0.0,0.0,466.696
979839.0,255.64095825953584,0.0,0.0,673.093
457670.0,83.05155977589004,0.0,0.0,2253.59
384528.0,0.0,0.0,0.0,973.735
114509.0,177.90993869862834,0.0,0.0,179.248
2956440.0,1257.4319444674895,0.0,0.0,371.509
10226.0,0.0,0.0,0.0,199.982
935.0,131.69437790082753,0.0,0.0,207.522
31825.0,149.08942886450487,408.0232558139535,0.0,498.74
920283.0,0.0,0.0,0.0,3300.65
70056.0,139.78961254534184,0.0,0.0,350.775
586131.0,189.89827723775508,849.5229885057472,0.0,333.81
340786.0,150.5260053942795,0.0,0.0,1326.21
1212505.0,157.69391041305477,0.0,0.0,777.705
1568548.0,189.89985754985756,0.0,0.0,1042.53
40768.0,0.0,0.0,0.0,632.568
29478.0,185.02703452966918,314.33724323558573,0.0,440.308
185302.0,123.89469764347632,0.0,0.0,149.09
2071063.0,113.3804124029132,437.8333333333333,0.0,821.058
603264.0,157.69391041305477,0.0,0.0,10644.2
80271.0,126.74798437345571,95.17647058823529,0.0,121.759
976571.0,114.01456256902613,0.0,0.0,411.092
220341.0,366.3888888888889,0.0,0.0,181.133
173037.0,72.60137476132309,0.0,0.0,232.968
62426.0,62.43222222222222,76.33333333333333,0.0,131.183
198195.0,282.1243689133077,0.0,0.0,1161.28
11519.0,157.69391041305477,0.0,0.0,778.648
22489.0,136.1002853983865,0.0,0.0,124.586
2157.0,280.6166666666667,0.0,0.0,444.077
26142.0,152.061708330955,0.0,0.0,363.969
363606.0,89.9804091437638,113.56756756756756,0.0,130.241
295262.0,0.0,0.0,0.0,380.933
2912963.0,94.12138456845027,0.0,0.0,501.567
827064.0,564.695069183508,0.0,0.0,6744.37
536856.0,294.13666666666666,0.0,0.0,2276.2
1732262.0,135.54958177291496,0.0,0.0,738.122
375553.0,77.5074319747272,0.0,0.0,328.156
44027.0,0.0,0.0,0.0,288.573
7314.0,0.0,0.0,0.0,701.367
59953.0,146.51659744372412,0.0,0.0,245.22
120244.0,240.024514006821,0.0,0.0,1665.5
160385.0,192.95547352526887,0.0,0.0,5799.09
6576376.0,578.7733173572542,0.0,0.0,14942.8
35395.0,270.1714064371174,0.0,0.0,282.918
48009.0,39.63262195121951,0.0,0.0,528.898
1119356.0,191.20419311453307,257.71774193548384,0.0,143.435
676.0,147.09223160499755,1228.3793103448277,0.0,112.334
6046435.0,366.8332439987821,0.0,0.0,1966.14
85946.0,195.7915281466154,0.0,0.0,251.817
11955.0,84.40912646217744,0.0,0.0,196.212
4936079.0,342.3192820074729,0.0,0.0,475.178
54508.0,147.3582538517975,0.0,0.0,494.027
870448.0,91.9221258096591,0.0,0.0,631.625
64040.0,0.0,0.0,0.0,536.438
124361.0,148.80095468308318,0.0,0.0,707.964
1187560.0,116.12769424735359,0.0,0.0,576.021
3354382.0,140.28722878937472,0.0,0.0,836.137
60567.0,152.40494167546757,649.0845070422536,0.0,195.27
613094.0,10.724307692307692,0.0,0.0,241.45
1238973.0,207.90694596495814,0.0,0.0,1526.01
2082533.0,33.20059215396003,0.0,0.0,1044.42
1727499.0,147.07378499203202,0.0,0.0,717.388
217828.0,133.4118116879053,0.0,0.0,105.737
1242564.0,91.52032780102196,397.09152292087276,0.0,745.662
1070416.0,290.4815718799021,199.5,0.0,177.363
9995.0,190.4203233256351,0.0,0.0,1200.87
12951.0,292.17227705359505,83.20431840154689,0.0,188.673
3665.0,0.0,509.9655172413793,0.0,819.173
46787.0,145.7189442964091,0.0,0.0,261.242
8903.0,122.97894728332025,0.0,0.0,68.9815
16604.0,73.91666666666667,0.0,0.0,70.8664
245623.0,136.7300434673174,0.0,0.0,143.435
31632.0,254.5379595008613,268.3674033149171,0.0,2087.71
171529.0,162.8594452623293,371.3333333333333,0.0,259.357
284500.0,104.21646173197918,0.0,0.0,102.91
414019.0,960.3466999659784,0.0,0.0,338.523
38560.0,157.7381806830015,0.0,0.0,173.594
3553.0,295.10038738063,0.0,0.0,592.042
2681917.0,567.4091385493085,268.3674033149171,0.0,13237.9
559525.0,171.1108162474637,0.0,0.0,543.977
103584.0,202.09049191893573,0.0,0.0,641.05
75747.0,204.2679759856779,0.0,0.0,131.183
440674.0,88.2408750089241,0.0,0.0,640.107
696379.0,237.86133908313408,0.0,0.0,577.906
908045.0,210.1121076233184,0.0,0.0,327.213
1659895.0,115.68401368332002,0.0,0.0,2045.3
448501.0,131.1145132424721,1424.046875,0.0,1062.33
1000652.0,137.45805890839574,0.0,0.0,289.515
73260.0,180.86887269766945,0.0,0.0,239.565
3370.0,0.0,0.0,0.0,155.687
23502.0,0.0,0.0,0.0,155.687
210459.0,157.69391041305477,0.0,0.0,307.422
68693.0,200.81409279181594,360.44238448889615,0.0,531.725
154728.0,211.604035979485,0.0,0.0,6106.33
368800.0,240.28149091232393,0.0,0.0,1466.64
21167.0,268.9267362753989,0.0,0.0,341.35
3064172.0,117.39640295142446,0.0,0.0,240.508
1468282.0,108.50002252571882,0.0,0.0,510.049
1303230.0,172.54769383728947,0.0,0.0,939.807
1122626.0,128.92050444853803,0.0,0.0,443.135
1137307.0,110.09417217386813,128.71428571428572,0.0,306.479
115711.0,136.98269507234585,83.20431840154689,0.0,173.594
321.0,40.41109572221896,68.23624213836479,0.0,68.039
41471.0,0.0,509.9655172413793,0.0,3320.44
442.0,0.0,0.0,0.0,102.91
122057.0,154.6165808523416,0.0,0.0,187.73
28647.0,228.46492772958348,0.0,0.0,334.753
541759.0,158.61829525818177,0.0,0.0,72.7513
613815.0,177.7624477523226,0.0,0.0,134.953
106069.0,113.85298803362868,0.0,0.0,1107.56
13380.0,502.65259703018535,0.0,0.0,84.0607
159081.0,116.57655941497478,0.0,0.0,337.58
135911.0,183.07825867754562,0.0,0.0,225.428
277538.0,0.0,0.0,0.0,721.158
15119.0,84.94963374438927,84.73913043478261,0.0,101.967
34454.0,151.11639967952996,72.89411764705882,0.0,256.529
212929.0,110.98076923076923,0.0,0.0,425.228
1000489.0,106.12467127956921,0.0,0.0,652.359
1603234.0,188.7727129484526,0.0,0.0,240.508
2979173.0,137.02577368075976,899.3518518518518,0.0,741.892
349524.0,380.19483710700155,0.0,0.0,479.891
679.0,133.43330881104632,0.0,0.0,87.8305
67362.0,168.52253229412398,0.0,0.0,275.378
2331231.0,195.03375689698427,170.97272727272727,0.0,1006.72
648740.0,140.86604598983936,0.0,0.0,104.795
55155.0,383.6345340942516,0.0,0.0,1263.07
111963.0,67.9369588313413,0.0,0.0,191.5
1098310.0,157.69391041305477,0.0,0.0,523.243
11515.0,277.53911954146423,0.0,0.0,93.4852
227258.0,154.4108709273183,0.0,0.0,375.278
3988714.0,349.18242431960994,0.0,0.0,74.6362
64740.0,157.69391041305477,0.0,0.0,1657.01
107884.0,164.35999132329954,0.0,0.0,119.874
2137.0,0.0,0.0,0.0,900.224
15751.0,71.21074879227052,84.82,0.0,102.91
195378.0,264.1687753812037,0.0,0.0,470.466
45933.0,637.17004048583,0.0,0.0,315.904
958821.0,41.833333333333336,0.0,0.0,302.71
3495858.0,245.0627282548532,1437.0,0.0,1793.67
209076.0,152.1714723491433,0.0,0.0,281.976
401009.0,130.0061631275806,0.0,0.0,3740.77
847030.0,119.34781614223036,0.0,0.0,975.62
770544.0,133.57788008518762,0.0,0.0,252.76
2475.0,269.0601387206909,268.3674033149171,0.0,218.831
1642698.0,136.39197241053586,0.0,0.0,130.241
75326.0,63.96514551348535,0.0,0.0,172.651
77284.0,211.99956944104906,0.0,0.0,186.788
864916.0,150.17515699226144,0.0,0.0,258.414
11288.0,150.89563927957101,0.0,0.0,255.587
1451379.0,49.743116614773946,0.0,0.0,4310.96
215505.0,356.30136471842286,0.0,0.0,560.941
390902.0,151.38615399653253,0.0,0.0,709.849
509003.0,161.13763749690406,236.9,0.0,476.121
2098653.0,177.19753978665892,561.6756756756756,0.0,373.393
40139.0,869.7551422794663,0.0,0.0,222.601
1109940.0,130.52641297497414,0.0,0.0,239.565
292543.0,253.68428146178937,0.0,0.0,1262.13
280360.0,98.91011235955057,0.0,0.0,216.946
357981.0,371.943888323452,0.0,0.0,409.207
5897.0,185.62032287402565,268.3674033149171,0.0,595.812
19973.0,103.29349079178722,0.0,0.0,110.449
62103.0,48.74697966966267,0.0,0.0,150.032
20859.0,0.0,0.0,0.0,998.239
98628.0,0.0,0.0,0.0,89.7154
54158.0,107.97001420956163,0.0,0.0,193.385
124966.0,0.0,0.0,0.0,168.881
8877.0,95.74797410566156,0.0,0.0,95.3701
1679848.0,99.16249545211001,0.0,0.0,478.948
464085.0,479.7337974026407,0.0,0.0,538.323
606902.0,184.8338379534952,0.0,0.0,146.263
9347.0,82.7112076444441,0.0,0.0,90.6579
71775.0,362.03943585484285,0.0,0.0,294.228
728.0,0.0,0.0,0.0,278.206
197628.0,245.95966981132074,0.0,0.0,416.746
59588.0,102.89821123321124,0.0,0.0,189.615
561.0,68.73450132595997,0.0,0.0,109.507
7635026.0,93.18379128655627,377.0,0.0,220.716
150719.0,146.55713337591223,0.0,0.0,416.746
39394.0,85.56819330137763,0.0,0.0,123.644
98256.0,200.58187228678906,0.0,0.0,133.068
802715.0,141.26047016510475,0.0,0.0,85.0031
3871.0,13.922758284600391,0.0,0.0,80.2909
433099.0,76.41804327121211,0.0,0.0,143.435
460674.0,78.84695520652738,1155.0,0.0,614.661
14925.0,109.49300388058982,0.0,0.0,175.479
68197.0,0.0,0.0,0.0,412.976
691714.0,123.8376427589946,0.0,0.0,285.745
507179.0,160.05536136676557,0.0,0.0,111.392
13756.0,0.0,0.0,0.0,82.1758
48336.0,0.0,0.0,0.0,265.954
24968.0,0.0,0.0,0.0,83.1182
5837.0,217.6028877351896,200.0,0.0,264.069
1463556.0,106.32754786264385,90.25,0.0,79.3484
1512784.0,123.3374092219507,0.0,0.0,142.493
39479.0,331.24195046732143,0.0,0.0,145.32
263373.0,180.86887269766945,0.0,0.0,185.846
3422936.0,102.63712164276821,0.0,0.0,316.846
1743983.0,136.77897478292203,0.0,0.0,112.334
20661.0,103.49397329391344,0.0,0.0,178.306
1256485.0,103.31706529910466,242.77461074836765,0.0,315.904
1779.0,92.10810810810811,0.0,0.0,69.9239
603179.0,342.467628620658,0.0,0.0,74.6362
57261.0,102.015854374633,0.0,0.0,137.78
37749.0,142.66858072931527,0.0,0.0,141.55
1.2683292E7,114.05621439341823,0.0,0.0,161.342
36078.0,102.28088660207125,0.0,0.0,217.889
274378.0,99.73075497551238,79.04597701149426,0.0,144.378
2842.0,0.0,0.0,0.0,68.9815
1897182.0,138.2694813035087,0.0,0.0,197.155
146024.0,0.0,0.0,0.0,77.4635
3841.0,0.0,0.0,0.0,281.033
682536.0,230.45386533665837,0.0,0.0,134.011
4651.0,101.82278267165876,151.0,0.0,85.0031
236449.0,102.59743388106361,0.0,0.0,220.716
104309.0,303.0942184154176,0.0,0.0,191.5
1409142.0,88.14088989957412,0.0,0.0,676.863
165860.0,213.05027056580403,0.0,0.0,146.263
592396.0,66.9057757718472,0.0,0.0,109.507
40017.0,0.0,0.0,0.0,83.1182
3116.0,30.169922048438846,0.0,0.0,189.615
19251.0,175.08969048921512,0.0,0.0,377.163
857.0,157.69391041305477,0.0,0.0,73.6937
861626.0,99.94443800936304,122.25,0.0,156.63
225971.0,324.1814962013845,0.0,0.0,170.766
196614.0,93.71813462069875,141.25,0.0,501.567
11173.0,129.51692197878307,187.6904761904762,0.0,265.011
2645180.0,258.75833676710886,119.0,0.0,157.572
58505.0,195.50083632100242,85.99130434782609,0.0,128.356
16479.0,169.14752880388875,0.0,0.0,110.449
97251.0,94.66916354556804,0.0,0.0,69.9239
223416.0,0.0,100.3125,0.0,291.4
189692.0,47.95889712203322,0.0,0.0,209.407
25552.0,32.620082815734996,0.0,0.0,78.406
4906.0,126.19079635264795,0.0,0.0,77.4635
1040311.0,0.0,0.0,0.0,460.099
8201.0,135.3969657427268,0.0,0.0,76.5211
104.0,105.12927360870317,0.0,0.0,68.039
315343.0,135.30385345558136,0.0,0.0,100.082
38797.0,96.35670119771837,0.0,0.0,83.1182
3432.0,0.0,0.0,0.0,680.633
957913.0,0.0,0.0,0.0,716.446
540349.0,89.46419167492654,242.0,0.0,173.594
80054.0,0.0,0.0,0.0,561.884
124424.0,128.881585644965,0.0,0.0,212.234
143099.0,137.9821716114229,0.0,0.0,209.407
975110.0,253.69649597988058,0.0,0.0,97.255
81857.0,241.26097786942643,0.0,0.0,145.32
15116.0,146.9628543099428,0.0,0.0,87.8305
250498.0,259.23319438726503,0.0,0.0,1533.55
26392.0,221.34615384615387,0.0,0.0,75.5786
82235.0,106.39594228549413,0.0,0.0,101.025
96047.0,189.65572195258034,0.0,0.0,965.253
238243.0,127.35853903428034,0.0,0.0,151.917
339785.0,158.0534904750422,79.225,0.0,111.392
18240.0,115.22693266832918,0.0,0.0,341.35
97233.0,157.69391041305477,0.0,0.0,68.9815
3497.0,147.47480724518667,189.3700892857143,0.0,200.925
4246.0,0.0,0.0,0.0,68.9815
37319.0,217.71781935705874,1224.5,0.0,1342.23
49697.0,135.60490412181105,127.33333333333333,0.0,122.701
402888.0,164.54222843803336,86.6,0.0,83.1182
2493604.0,135.57711050201266,0.0,0.0,88.7729
18157.0,48.90057720634885,0.0,0.0,810.691
1151.0,0.0,0.0,0.0,279.148
127.0,281.17264054621745,0.0,0.0,337.58
40327.0,0.0,0.0,0.0,379.048
2834.0,109.12068327940386,104.6304347826087,0.0,85.0031
253924.0,119.85244867133098,0.0,0.0,97.255
696.0,0.0,0.0,0.0,66.1541
69354.0,148.38045966469457,0.0,0.0,70.8664
881.0,0.0,0.0,0.0,223.544
596.0,236.39088864686903,83.20431840154689,0.0,66.1541
13.0,103.21102884355813,67.01225609756098,0.0,66.1541
9984.0,108.64715446691,151.0,0.0,70.8664
636.0,0.0,0.0,0.0,173.594
111.0,141.09455142220688,0.0,0.0,66.1541
83.0,140.1723648116042,0.0,0.0,80.2909
372404.0,0.0,0.0,0.0,1280.97
486.0,136.29025977017116,72.89411764705882,0.0,68.039
26846.0,117.89454266814461,0.0,0.0,142.493
86.0,162.48190394147684,0.0,0.0,75.5786
4054.0,128.68539546974034,0.0,0.0,150.032
1061008.0,151.96438797055592,0.0,0.0,1477.0
3786.0,301.29056273027754,0.0,0.0,228.256
117.0,178.12758741719372,0.0,0.0,118.931
87.0,98.90536866439527,67.18248426435876,0.0,66.1541
944.0,203.1337831140117,0.0,0.0,953.944
1033.0,141.09455142220688,0.0,0.0,78.406
14155.0,129.37588133463143,0.0,0.0,888.915
123.0,118.27043280979107,0.0,0.0,139.665
2.0,78.84695520652738,71.5,0.0,66.1541
771.0,210.4952773127999,69.54852801519469,0.0,66.1541
190.0,141.09455142220688,0.0,0.0,69.9239
16515.0,143.41660522659146,257.71774193548384,0.0,124.586
37388.0,156.40230533327187,0.0,0.0,521.358
272.0,334.99952655431264,0.0,0.0,95.3701
67.0,52.564636804351586,0.0,0.0,158.514
797.0,238.3999234612485,0.0,0.0,130.241
15927.0,101.70620940599959,83.20431840154689,0.0,66.1541
56027.0,178.99648314876592,0.0,0.0,1123.59
38352.0,180.98569489890173,0.0,0.0,67.0965
731135.0,0.0,0.0,0.0,545.862
2212.0,163.4700976188033,79.66666666666667,0.0,77.4635
453.0,119.93532736618573,0.0,0.0,70.8664
116345.0,143.7113328022221,0.0,0.0,158.514
1588.0,157.69391041305477,133.0,0.0,67.0965
143867.0,131.41159201087896,0.0,0.0,486.488
382.0,86.54562139651811,71.20353982300885,0.0,68.039
6287.0,24.941176470588236,0.0,0.0,66.1541
206262.0,0.0,0.0,0.0,112.334
210.0,182.0829328097911,0.0,0.0,81.2333
1277.0,169.48042130807906,0.0,0.0,135.896
86.0,218.22342019920012,0.0,0.0,110.449
204.0,178.7999425959364,0.0,0.0,89.7154
295449.0,241.87148698104406,103.8,0.0,152.86
439.0,183.34154526401963,0.0,0.0,98.1975
949.0,189.2566656900088,0.0,0.0,67.0965
63313.0,152.8458529617096,0.0,0.0,440.308
1689.0,140.1723648116042,0.0,0.0,69.9239
245089.0,381.23694981876855,0.0,0.0,269.724
15352.0,0.0,0.0,0.0,629.74
8054.0,147.1897859351403,0.0,0.0,220.716
5107.0,368.742318042336,0.0,0.0,66.1541
941582.0,115.08334130079405,318.75,0.0,66.1541
51469.0,99.20145272474959,94.15384615384616,0.0,76.5211
4756.0,155.7267430355854,0.0,0.0,79.3484
447.0,218.22342019920012,0.0,0.0,247.105
29520.0,112.82384574060207,83.20431840154689,0.0,151.917
4019.0,0.0,0.0,0.0,330.983
17987.0,177.69179886677662,0.0,0.0,68.039
10357.0,141.67409721594507,0.0,0.0,68.9815
34062.0,130.52817760642003,132.0,0.0,66.1541
716.0,122.65081921015368,0.0,0.0,76.5211
4112.0,122.43170390020123,0.0,0.0,110.449
1246.0,121.41963633500394,0.0,0.0,67.0965
3.0,214.72015255641105,76.53032450841995,0.0,109.507
29366.0,129.40535934537237,97.89150694978801,0.0,84.0607
174130.0,128.22185415074753,0.0,0.0,70.8664
1874.0,0.0,0.0,0.0,151.917
62.0,149.69472532189667,0.0,0.0,70.8664
172387.0,0.0,0.0,0.0,84.0607
4.0,78.84695520652738,0.0,0.0,66.1541
2467.0,107.61607149570477,0.0,0.0,75.5786
323.0,157.69391041305477,0.0,0.0,66.1541
37.0,76.49527651278615,0.0,0.0,295.17
6927.0,185.0237221297416,459.6954686027008,0.0,66.1541
153295.0,144.61941210925605,126.5,0.0,75.5786
85552.0,188.6078915838108,0.0,0.0,79.3484
363956.0,176.92574032586506,0.0,0.0,73.6937
72159.0,3429.773866901384,99.25,0.0,70.8664
451.0,132.40877006446053,0.0,0.0,66.1541
48635.0,0.0,1424.046875,0.0,152.86
1.0,121.66185499957153,83.20431840154689,0.0,66.1541
3805.0,349.60131124099485,0.0,0.0,70.8664
3.0,125.98504761889171,67.04411284127445,0.0,66.1541
2.0,78.84695520652738,67.01449553279971,0.0,66.1541
5160.0,143.71593343094395,83.20431840154689,0.0,68.9815
5709.0,110.58084742244142,0.0,0.0,66.1541
1412.0,87.40567710293072,268.3674033149171,0.0,66.1541
6566.0,154.6966439943489,0.0,0.0,75.5786
832792.0,150.36714838712047,526.3333333333334,0.0,819.173
572.0,105.12927360870317,66.9791304282578,0.0,66.1541
108.0,129.2239441906155,0.0,0.0,80.2909
8899.0,92.60829352793749,0.0,0.0,124.586
1569600.0,108.27792255292654,0.0,0.0,96.3126
103876.0,123.96026363742514,268.3674033149171,0.0,72.7513
656.0,105.12927360870317,66.9791304282578,0.0,66.1541
71682.0,0.0,0.0,0.0,69.9239
7924.0,0.0,0.0,0.0,69.9239
882.0,129.05991331713776,0.0,0.0,87.8305
2002.0,52.564636804351586,0.0,0.0,187.73
2532.0,119.97613662307599,0.0,0.0,499.682
1465.0,118.27043280979107,0.0,0.0,654.244
719.0,72.32357340122367,97.2974025974026,0.0,69.9239
165487.0,162.27754242464016,69.54166666666667,0.0,69.9239
415.0,82.39421737985984,0.0,0.0,66.1541
111461.0,145.66217006598387,0.0,0.0,117.989
297.0,91.99888392393841,0.0,0.0,472.351
129633.0,143.01618074384237,0.0,0.0,126.471
110.0,44.0,0.0,0.0,66.1541
51047.0,0.0,0.0,0.0,67.0965
310.0,123.6516806730403,0.0,0.0,67.0965
367.0,0.0,66.9791304282578,0.0,66.1541
694.0,78.84695520652738,0.0,0.0,163.227
94394.0,126.44528107931536,84.5219298245614,0.0,69.9239
41095.0,157.69391041305477,0.0,0.0,259.357
32062.0,216.1950227277911,0.0,0.0,100.082
4871.0,162.23279261878707,0.0,0.0,66.1541
3200.0,133.86627362082655,0.0,156.0,75.5786
858.0,102.56733635793435,0.0,0.0,66.1541
38677.0,144.55275121196684,0.0,0.0,501.567
10795.0,41.142857142857146,0.0,0.0,70.8664
498.0,129.75920339069,0.0,0.0,137.78
13164.0,74.58215901560528,66.94048787772823,0.0,66.1541
530.0,122.77552663509881,0.0,0.0,206.579
18618.0,170.8358094203709,0.0,0.0,82.1758
2.0,87.52831980910396,67.01225609756098,0.0,66.1541
18.0,74.58215901560528,66.94048787772823,0.0,66.1541
0.0,86.31945572500213,66.94048787772823,0.0,66.1541
77812.0,109.15641096454472,130.6,0.0,142.493
55.0,74.58215901560528,69.69296296296295,0.0,66.1541
104.0,131.52927360870316,67.04411284127445,0.0,66.1541
3286.0,196.36177273985075,0.0,0.0,984.102
1668.0,110.89601775320716,66.94048787772823,0.0,66.1541
65027.0,103.35630347101825,0.0,0.0,73.6937
15.0,105.11924673342959,70.21419158143195,0.0,66.1541
378887.0,0.0,0.0,0.0,94.4277
3.0,110.75129823642206,66.94048787772823,0.0,66.1541
2875.0,127.06201926993036,0.0,0.0,66.1541
13.0,74.58215901560528,66.94048787772823,0.0,66.1541
64645.0,164.895700882217,0.0,0.0,890.8
4103.0,157.69391041305477,0.0,0.0,67.0965
1632.0,95.73558008415496,142.0,0.0,110.449
22113.0,105.5766445763531,70.06896551724138,0.0,66.1541
19.0,76.28807749197412,66.94048787772823,0.0,66.1541
10186.0,0.0,0.0,0.0,66.1541
4.0,27.5,82.5,0.0,66.1541
29390.0,194.57958009429868,0.0,0.0,68.039
24171.0,194.57958009429868,0.0,0.0,93.4852
65739.0,164.04461800533758,0.0,0.0,69.9239
21221.0,136.0037661431244,70.93333333333334,0.0,66.1541
1.0,99.72501615846244,66.94048787772823,0.0,66.1541
228129.0,107.82290366672632,0.0,0.0,118.931
2906.0,174.03130994166588,0.0,0.0,66.1541
10761.0,176.94831913731431,71.66666666666667,0.0,67.0965
1692.0,112.76729962198215,67.0625,0.0,66.1541
2382.0,142.61765645393854,0.0,0.0,66.1541
56232.0,116.81069183624186,354.24468085106383,0.0,89.7154
101911.0,0.0,0.0,0.0,73.6937
121656.0,213.97201171191045,0.0,0.0,79.3484
917.0,218.5595782445694,0.0,0.0,87.8305
510.0,498.39036079333914,0.0,0.0,66.1541
1093.0,0.0,66.71594253576944,0.0,66.1541
21714.0,157.69391041305477,99.0,0.0,66.1541
283.0,76.88665507431281,66.99405269254305,0.0,66.1541
7.0,105.12927360870317,66.99405269254305,0.0,66.1541
12033.0,157.69391041305477,0.0,0.0,68.039
2663.0,138.17421738512172,83.20431840154689,0.0,67.0965
46.0,111.87323852340793,66.94048787772823,0.0,66.1541
10763.0,118.00765688240422,0.0,0.0,93.4852
14.0,148.0861970111507,58.515504797185066,0.0,66.1541
35.0,157.69391041305477,0.0,0.0,66.1541
2227.0,0.0,0.0,0.0,66.1541
23551.0,121.34420893086202,0.0,0.0,113.277
653.0,86.2586084487043,0.0,0.0,66.1541
3482.0,105.1629367107456,0.0,0.0,66.1541
6212.0,58.59810697568265,68.70689655172414,0.0,69.9239
310886.0,60.40245296394082,0.0,0.0,70.8664
4759.0,0.0,0.0,0.0,66.1541
494.0,104.12436488328778,0.0,0.0,68.039
683.0,56.02301888766736,67.11146430870467,0.0,66.1541
95243.0,178.45960486307382,135.54698765037506,0.0,210.349
1296.0,0.0,0.0,0.0,67.0965
9604.0,0.0,0.0,0.0,66.1541
2098.0,55.79569785999177,0.0,0.0,66.1541
1918.0,111.56296012927764,0.0,71.27670454545455,66.1541
475.0,108.42590193485847,73.88888888888889,67.59513578965577,67.0965
168719.0,108.42590193485847,0.0,67.59513578965577,66.1541
107428.0,119.68433797188052,81.91489361702128,92.62107640031857,101.025
14853.0,87.60772800725265,0.0,76.40625,67.0965
15377.0,94.98852608775344,0.0,78.36500083291688,68.039
22119.0,126.75571918434284,69.575,126.38166690121024,70.8664
68319.0,105.49107237032436,69.575,86.30182400445558,66.1541
7721.0,216.71754671830732,0.0,318.4198653198653,598.64
14345.0,64.53660253705694,0.0,86.50211640211641,67.0965
32863.0,101.92887796600189,80.30776763047444,77.16469359673694,67.0965
112148.0,107.03181891902928,0.0,85.96733330455552,66.1541
20459.0,132.5007981783489,202.87528625954198,82.28968253968254,71.8088
18981.0,36.36955128205128,0.0,77.11111111111111,68.039
80982.0,112.12605411257252,69.575,83.168906455863,72.7513
31.0,84.67972358842557,0.0,74.0535735594601,66.1541
53335.0,76.88471056620617,0.0,73.07129038149225,66.1541
4853.0,92.8878768533813,0.0,88.875,79.3484
95.0,76.25193139971877,0.0,74.16176470588235,66.1541
993.0,225.82894736842104,0.0,90.75,66.1541
26935.0,118.27043280979107,0.0,74.03348214285715,66.1541
53554.0,66.83504902526911,67.97222222222223,101.76923076923077,66.1541
97.0,102.0778490724688,0.0,72.60000000000001,66.1541
1702.0,136.37695937297738,0.0,72.99279609279608,66.1541
119865.0,157.52514807358898,165.75159968542556,0.0,178.306
71.0,126.11797995447338,0.0,74.44444444444444,68.039
2933.0,114.388568927738,0.0,72.03099972074948,74.6362
1279.0,128.90705138648096,0.0,91.8888888888889,66.1541
661.0,123.90807809074364,95.34890206411946,185.0,96.3126
363.0,62.70817312391644,0.0,77.0,70.8664
516.0,117.71907062247165,0.0,72.43921568627452,66.1541
62909.0,108.94252262218524,112.29433962264152,116.18400928542474,97.255
7518.0,84.89517379410914,0.0,78.4698484848485,74.6362
1269.0,91.38187457279562,0.0,71.47714285714285,67.0965
17642.0,20.831632653061224,0.0,73.32790466613996,66.1541
22924.0,95.25781431391991,0.0,85.74557046676034,72.7513
144371.0,90.08701177594158,0.0,89.42579609959408,89.7154
159782.0,124.54414035808105,83.42857142857143,82.29043971838757,73.6937
48028.0,97.56305620319708,0.0,84.10361561566009,83.1182
66246.0,100.98278068877737,0.0,82.6377711554357,72.7513
9412.0,37.644391041305475,0.0,71.29424453322187,67.0965
21783.0,43.00984434472211,0.0,71.85406961697723,68.039
166.0,99.97274392709386,0.0,79.29259259259258,66.1541
3884.0,154.7081545357327,0.0,74.91558441558443,67.0965
359.0,118.96352038177923,0.0,69.50860590390002,66.1541
253.0,126.29188214493571,0.0,69.05027257056669,66.1541
1.1129147E7,131.99594027536986,0.0,113.21875,215.062
5090.0,119.30351588722598,77.625,77.625,69.9239
11888.0,77.29190953162431,0.0,74.1818181818182,68.039
19437.0,0.0,0.0,73.20502645502646,67.0965
2433.0,130.07669589578967,0.0,84.84769584591352,68.039
1369.0,129.02229033795388,72.85714285714286,76.12098765432098,68.9815
4874.0,152.17899914712922,0.0,74.44444444444444,67.0965
39987.0,123.1924380731408,80.31496062992126,93.23369671238335,100.082
486348.0,82.22429985420541,0.0,86.11285381748307,76.5211
86312.0,126.78307763069957,0.0,80.47317073170731,74.6362
2609.0,111.06318690269798,0.0,73.33333333333334,66.1541
5549.0,140.78381499869343,0.0,74.88461538461539,66.1541
123981.0,78.84695520652738,0.0,75.91916141456583,66.1541
1684.0,127.98471852407678,0.0,76.41138273491214,68.039
1899.0,159.24266019596962,0.0,96.10435924369747,66.1541
38.0,157.02188761633485,0.0,80.14285714285715,66.1541
309.0,134.6965148907841,0.0,76.5,68.9815
313.0,85.85564209535688,0.0,74.8359375,66.1541
21152.0,150.18502714154988,0.0,79.2,66.1541
5245.0,106.27023368227529,0.0,70.2460809218176,67.0965
130.0,88.29685610731693,0.0,72.10902030151684,69.9239
609114.0,141.95921417381888,128.71428571428572,94.07692307692308,156.63
76.0,109.01838377795596,75.42857142857143,75.42857142857143,66.1541
20.0,88.46514394893572,0.0,99.0,66.1541
41.0,115.6728741964335,75.58303351771333,0.0,67.0965
221.0,130.73822046133733,0.0,74.25,66.1541
337316.0,39.42347760326369,78.27272727272727,127.5,85.9456
573.0,51.42663821144807,0.0,74.36044973544973,67.0965
5656.0,131.41159201087896,0.0,81.18398268398269,72.7513
959.0,102.43049169528189,0.0,72.70376121463079,66.1541
327.0,109.3512588432626,0.0,76.57142857142857,67.0965
247.0,100.79642636170412,0.0,71.31521739130434,66.1541
9922.0,147.9084836006315,0.0,107.72806451612904,147.205
496.0,147.21304302656443,0.0,107.15489430536516,146.263
198749.0,97.26877209668376,128.71428571428572,95.45757575757575,68.9815
15349.0,78.44465839274015,103.19811037792442,81.14603686635944,68.039
20216.0,113.32225606484351,130.89622075584884,78.87888808649895,68.9815
12630.0,68.79605191179522,0.0,72.91707317073171,66.1541
213.0,105.32109046360212,66.94048787772823,74.0142857142857,66.1541
10480.0,144.1471529671894,0.0,74.25,66.1541
25323.0,57.42795792482906,0.0,70.69039350667472,69.9239
11153.0,74.21201727357304,0.0,70.45134406929303,68.039
26970.0,75.00713020755344,0.0,69.6444732521092,66.1541
19396.0,74.46071121738667,0.0,69.58693533703422,67.0965
546.0,139.27516594008645,0.0,73.11666666666669,67.0965
1514.0,92.59315008149355,0.0,75.73684210526315,67.0965
128.0,70.24489795918367,0.0,0.0,66.1541
254.0,77.16372517682537,0.0,71.96693657219973,67.0965
370.0,117.98616369785977,0.0,74.809375,66.1541
587.0,116.83396819354039,0.0,78.85714285714288,69.9239
7216.0,92.14333590203788,131.14563492063493,74.25329034391534,66.1541
744577.0,135.1662089254755,180.71383647798743,82.71584415584415,68.9815
31327.0,84.00517872148886,0.0,72.47709235209236,66.1541
8208.0,118.27043280979106,0.0,72.0253908952539,66.1541
7780.0,92.3506434536423,0.0,72.33333333333333,66.1541
16.0,98.31758288064202,0.0,74.06666666666666,66.1541
3935.0,110.09301576501832,0.0,74.25,66.1541
467.0,48.18181818181818,0.0,78.74741924741924,66.1541
35254.0,127.24921055184898,0.0,80.01506851698342,77.4635
12040.0,95.21118240580212,0.0,75.65787581699347,67.0965
58709.0,164.36512673563772,69.68086544962813,89.81821206743565,69.9239
727.0,99.90954526395595,0.0,73.55130718954248,66.1541
160728.0,108.7141026068995,82.9,0.0,73.6937
1025.0,156.3157833769408,71.625,72.26263500690132,69.9239
20674.0,91.33508857480336,70.06896551724138,85.63612337743103,68.039
17187.0,114.11561702190816,111.38848099535137,82.57142857142858,68.039
2145.0,221.05707426802937,0.0,74.67410714285715,66.1541
1206.0,112.11401609534836,71.4,79.26451213342405,66.1541
26.0,60.655161392955776,0.0,74.14814814814814,66.1541
13210.0,91.79589749855523,0.0,73.33333333333334,66.1541
737.0,114.76537591490053,0.0,77.71428571428571,68.9815
18671.0,52.3403736817805,0.0,72.97354497354496,68.039
300.0,98.65987356425937,0.0,75.42857142857143,66.1541
111.0,211.30258949064384,67.82838316286389,671.2471337471561,66.1541
30.0,370.5794515356256,72.15275361883853,571.2682064827724,66.1541
1173.0,281.10664613233604,0.0,1062.4825139531117,68.039
205.0,138.95698423385042,0.0,934.7823467230445,66.1541
3228.0,322.32828586303367,0.0,1062.4825139531117,66.1541
1107.0,135.53693856115902,0.0,75.42857142857143,66.1541
744.0,106.08633061700809,0.0,73.33333333333334,66.1541
583.0,80.70119706325765,0.0,70.82788935202728,66.1541
2977.0,86.59447198602922,0.0,71.06085638499431,68.039
11293.0,98.07905018775217,69.88235294117646,74.12493901734477,66.1541
35825.0,115.83362969064629,0.0,75.55555555555556,68.039
231.0,133.65496515499956,0.0,75.28125000000001,66.1541
2630.0,47.83808851420912,0.0,70.20476190476191,66.1541
6264.0,59.418092427438545,0.0,70.08571428571429,67.0965
5686.0,129.88271276214232,118.5011313084829,74.67171504965621,68.039
2652.0,107.71774172338131,0.0,75.46623093681916,68.9815
119632.0,174.27364140410396,158.51304347826087,89.38235294117646,247.105
73209.0,74.54881570348294,117.69048400328137,84.20876620216356,66.1541
3392.0,51.91893010886899,0.0,71.62555555555556,66.1541
287.0,100.31858075706953,83.4840579710145,88.06666666666666,70.8664
13639.0,113.79879647131358,0.0,75.8731951608935,68.039
6069.0,104.86548616398069,0.0,75.99084221971704,70.8664
39640.0,89.87984133742903,112.22222222222223,85.24049510270171,101.967
223870.0,113.46730050856914,173.25,91.62663015679756,154.745
132487.0,92.80091309892167,130.89622075584884,83.24343107736567,82.1758
8730.0,139.82548401833105,0.0,82.65482700934274,77.4635
176421.0,96.2670979300727,0.0,85.24049510270173,88.7729
17721.0,118.16660095215046,100.94811037792442,80.71657369482168,67.0965
197392.0,77.81682844378875,80.31496062992126,76.11111111111111,68.9815
10291.0,86.96507184575051,0.0,67.50713799908567,66.1541
2494.0,101.99097999151604,0.0,67.48464587133039,66.1541
534.0,102.02140154736132,0.0,67.50713799908566,66.1541
1502.0,96.73589635245473,0.0,71.17938017598344,66.1541
2217.0,93.93807904537185,0.0,72.54365567901037,68.039
638.0,127.83293280979106,0.0,75.46923425285998,68.039
1767.0,58.46236649215258,0.0,79.2,66.1541
108.0,100.5627127049706,0.0,71.78846153846155,66.1541
7320.0,77.90074707292447,0.0,77.64980942970072,72.7513
4614.0,63.58147723791999,0.0,77.99601414845318,72.7513
27698.0,110.71663157837895,0.0,74.88534278959811,68.039
16078.0,57.23961656582272,0.0,80.76921470342522,76.5211
1356.0,94.38188343619245,0.0,78.96842105263158,72.7513
1452.0,86.00576026023842,0.0,72.60000000000001,66.1541
3772.0,127.06577581999456,88.0,83.015625,66.1541
9226.0,100.11351078164665,0.0,77.51586090372322,66.1541
9826.0,90.1735723174756,0.0,69.75034803950646,66.1541
4886.0,90.1735723174756,0.0,69.75034803950646,67.0965
170.0,69.50760035457137,0.0,77.71428571428571,68.039
1890.0,94.61634624783287,0.0,73.61151079786754,66.1541
5.0,156.2106076202095,72.0,170.68047772683533,66.1541
72.0,77.33257213482678,0.0,85.06666666666666,66.1541
6259.0,110.42358923837166,0.0,74.35379464285714,66.1541
611.0,203.82032727946023,0.0,77.8,66.1541
11481.0,75.16147775251436,71.43589743589743,73.90277777777777,68.9815
135.0,172.4186147294653,0.0,72.97321428571429,66.1541
3617.0,221.42167685874375,0.0,75.42857142857143,66.1541
1903.0,78.84695520652738,89.65748031496062,102.0,66.1541
2377.0,122.65081921015368,0.0,77.0,66.1541
7380.0,96.29582598556456,0.0,72.7628476796955,67.0965
817.0,131.30752970407949,0.0,70.13705029838022,66.1541
1415.0,107.25808279833873,0.0,75.09090909090908,67.0965
1026.0,111.0790710135069,0.0,74.33333333333333,67.0965
457944.0,283.69488123198255,112.29433962264152,216.64239417240594,338.523
440.0,82.52234052003058,0.0,78.57142857142857,66.1541
40173.0,135.16620892547547,133.16666666666666,135.375,78.406
135985.0,31.538782082610954,0.0,138.24374999999998,142.493
3124.0,75.46650529152187,0.0,72.0,66.1541
418.0,130.9382522101053,0.0,80.29545454545455,66.1541
449.0,72.95341123368969,0.0,75.02777777777777,67.0965
3438.0,88.79739017702347,0.0,74.14814814814814,66.1541
8006.0,25.142857142857142,0.0,75.00000000000001,66.1541
1238.0,185.38972188240209,75.5625,73.33333333333334,66.1541
350.0,187.07817101982002,0.0,83.62308102345416,89.7154
52668.0,86.06096898877081,77.0,82.5,66.1541
2262.0,37.714285714285715,0.0,75.42857142857143,66.1541
3789.0,96.79517711479684,83.42857142857143,80.87554112554113,73.6937
132.0,114.35043844876927,0.0,78.85714285714288,69.9239
42.0,143.7457397612048,0.0,99.3235294117647,66.1541
386.0,109.75920339069,0.0,72.5625,66.1541
93838.0,119.98568210209734,96.0,85.01461559020865,84.0607
828.0,147.7212254652491,419.272366022603,78.809375,70.8664
732.0,127.17687582634105,0.0,80.0,70.8664
621318.0,77.11213517665131,0.0,0.0,477.063
5143.0,0.0,114.87421383647799,73.89277129120879,67.0965
11902.0,85.34343430134392,91.26666666666667,82.08571428571429,68.039
294.0,85.7153402086667,82.01129032258065,82.66666666666667,70.8664
1397220.0,110.45634624783285,79.2,79.2,66.1541
4148.0,119.90151143454344,69.52631578947368,74.88534278959811,68.039
6015.0,41.45863869223032,0.0,73.23680926916222,67.0965
741.0,153.65879330926566,0.0,73.62152777777777,66.1541
7472.0,138.41972758235485,0.0,83.63377074314573,68.039
14923.0,29.416666666666668,0.0,78.10439814814815,74.6362
2943.0,42.05840108438444,0.0,75.50689316130494,69.9239
565.0,113.12186620129576,0.0,73.859375,67.0965
6055.0,150.62537917599985,0.0,74.3374183006536,67.0965
209708.0,2587.489652871954,0.0,9176.2748015873,8529.37
6100.0,131.78931896924047,0.0,82.25220518045504,71.8088
2044.0,30.880502152416586,0.0,75.55555555555556,68.039
22488.0,129.71901719844678,0.0,81.21813520825678,72.7513
203393.0,170.58237841410934,0.0,91.73669649586284,97.255
13.0,107.04142412340356,66.99405269254305,72.77402133953703,66.1541
6700.0,216.1009879878043,0.0,75.42857142857143,66.1541
1764.0,106.75646623088015,0.0,71.70537958773254,66.1541
202.0,83.8344050117694,0.0,76.79464285714286,67.0965
3828.0,113.56950532207172,0.0,99.99820562803019,110.449
38308.0,122.8274229260451,0.0,104.55555555555556,81.2333
10.0,75.97239424595276,0.0,88.0,66.1541
9747.0,128.4038385586988,98.75,87.87114391717155,79.3484
1597.0,38.31565173550913,0.0,75.25049019607842,69.9239
20287.0,97.77147069731112,0.0,83.75316955341826,73.6937
4556.0,12.95238095238095,0.0,75.64441220238095,68.039
2935.0,156.76188017976568,0.0,71.15325814536341,66.1541
1683.0,124.86391503980276,70.1875,74.25,66.1541
40759.0,90.45327229330071,0.0,68.3623468693285,66.1541
22215.0,99.3083776203205,0.0,68.7483117816092,66.1541
2370.0,77.76830490596265,0.0,76.5,68.039
19614.0,62.510854524861635,0.0,75.49999999999999,69.9239
2342.0,150.0381753889656,0.0,76.5,68.039
17894.0,67.50076316057302,0.0,73.41740740740741,67.0965
713.0,78.84695520652738,0.0,71.07692307692308,66.1541
3849.0,130.98068980392364,69.52631578947368,74.29125295508274,68.039
86444.0,71.3706397492925,0.0,84.41691802974843,85.0031
803.0,159.13790559662547,66.99405269254305,69.34948877017634,66.1541
3307.0,106.22060867896725,66.9791304282578,67.64864864864865,66.1541
2534.0,118.89950968237957,0.0,73.33333333333334,66.1541
3261.0,121.9586185326733,69.52631578947368,77.21661243220692,68.039
915.0,69.27347760326369,0.0,80.39999999999999,67.0965
35.0,83.05474885426362,0.0,72.0,66.1541
89735.0,109.3851844498548,77.0,76.225,67.0965
163583.0,106.71629793458246,0.0,79.48795924531751,71.8088
76.0,163.4838509244,109.24615384615385,74.35338795016214,66.1541
15738.0,33.25984434472211,0.0,74.45585827216262,67.0965
621.0,126.15512833044382,72.57142857142857,76.28287943940119,68.039
1151.0,105.3682603266409,0.0,72.15730871123577,66.1541
197.0,83.1515598209616,0.0,72.16565515094926,66.1541
159712.0,140.40537157415386,152.1179464150071,504.0,287.63
2493.0,138.7875217922844,0.0,74.25,66.1541
74651.0,71.92347760326369,101.47090698133701,130.0,117.989
589.0,142.579050403148,0.0,72.90048076923077,66.1541
2239.0,84.87905018775217,0.0,72.50000000000001,66.1541
774.0,183.59423559718425,128.01973684210526,83.61666666666666,66.1541
5097.0,125.81356337609483,0.0,90.71044657097288,68.9815
1182.0,3053.6482865120665,0.0,72.81296296296296,68.9815
32103.0,110.56457960908047,72.68518518518518,75.38015873015873,68.039
5656.0,302.26786231562494,0.0,75.93333333333334,67.0965
201.0,74.48780021247266,0.0,75.16666666666667,66.1541
5293.0,116.98168764357825,0.0,70.48324005715646,66.1541
10292.0,90.11080595031702,0.0,81.44285714285714,76.5211
1584.0,99.02103288962078,0.0,68.6888888888889,66.1541
77.0,81.40571428571428,85.2,81.925,71.8088
747.0,43.05789473684211,0.0,76.21428571428572,66.1541
91.0,158.2343908210434,67.21974713698751,72.2051282051282,66.1541
62041.0,105.15488632222345,0.0,77.86391803092381,72.7513
8772.0,94.53062685024655,0.0,73.33333333333334,66.1541
7009.0,108.93372414345325,0.0,105.25,93.4852
795.0,61.81005246179286,0.0,74.79999999999998,68.039
49053.0,66.53169134803291,0.0,87.62564182159305,67.0965
101890.0,109.58051404994463,102.5272205291875,82.53318903318903,72.7513
17437.0,175.7952687107908,0.0,498.10897009966783,67.0965
2622.0,76.17568073506541,0.0,69.60137310802405,68.039
156662.0,0.0,0.0,66.6470588235294,66.1541
80.0,141.8504097437868,74.25,74.25,66.1541
65611.0,153.84742503788345,79.97222222222223,82.74321996509497,72.7513
46878.0,112.75387621230223,0.0,79.51948238645686,72.7513
189359.0,70.43894235990716,108.76923076923077,87.22301881314748,155.687
1183.0,85.25,0.0,85.25,66.1541
234.0,109.54949800656846,0.0,73.01388888888889,66.1541
2563.0,117.38009083657741,0.0,77.62444037444037,70.8664
12600.0,105.12927360870317,0.0,73.38652003548299,69.9239
3913.0,102.83618240580212,0.0,74.25,66.1541
1784.0,110.05790731829856,0.0,91.94444444444444,66.1541
528.0,128.8265158276819,0.0,74.7302380952381,67.0965
999.0,116.55869400815922,0.0,72.0,69.9239
698.0,119.56374029448497,0.0,73.33333333333334,66.1541
2873.0,251.9367384305234,0.0,78.97399267399267,66.1541
3000.0,114.58933793437477,69.52631578947368,73.28519234902214,67.0965
556.0,101.79448051977872,0.0,73.65925925925927,66.1541
16736.0,128.60638427284746,0.0,70.71217593895612,66.1541
2175.0,74.05578642067947,0.0,73.33333333333334,66.1541
43.0,121.41237583664025,66.9791304282578,69.15141723386951,66.1541
1422.0,18.88888888888889,0.0,74.66983585858586,68.9815
2717.0,105.50952895552692,0.0,72.31768231768234,69.9239
203465.0,100.35067026285301,0.0,72.50439560439563,69.9239
1130.0,102.84262828345045,0.0,73.23863636363637,67.0965
50229.0,69.36955682520284,0.0,75.00933823529412,76.5211
668.0,112.79567598343996,0.0,120.37089322381931,66.1541
1026.0,112.24312568328936,0.0,70.48300653594771,67.0965
1081.0,146.3225350308131,0.0,76.0,66.1541
7845.0,55.24131607283568,0.0,75.54040404040403,69.9239
10956.0,74.31736932216914,0.0,70.29520283579755,69.9239
14222.0,82.1998829001572,0.0,70.42074396133869,67.0965
809.0,77.30918249533077,0.0,92.3030303030303,66.1541
204.0,85.67905018775217,0.0,75.95238095238095,66.1541
231.0,132.86014796949695,0.0,75.13392857142858,66.1541
442.0,61.29433763816652,0.0,74.14814814814814,66.1541
685.0,93.3899156227332,72.7219827586207,75.375,67.0965
1756.0,96.8552885398607,70.4,72.2529411764706,66.1541
203.0,275.1012161493531,0.0,74.0,66.1541
889.0,135.50621424797257,0.0,72.77333333333333,66.1541
77680.0,147.16040118906307,0.0,90.69657402517646,98.1975
174902.0,128.25969046457823,130.89622075584884,86.30480737617037,90.6579
72912.0,105.60712042440812,0.0,80.77861840929505,68.039
3156.0,114.70588824808085,0.0,78.83012378600722,68.039
65163.0,93.55028713311602,84.08333333333333,78.2170330489265,67.0965
46.0,123.56665718890713,0.0,74.25,66.1541
99.0,14.384615384615383,0.0,72.17587373167981,66.1541
350.0,99.14403589158218,73.51419158143194,69.54074144967586,66.1541
216.0,89.9595060634027,66.94048787772823,69.54074144967586,66.1541
1306.0,101.45961378274981,66.94048787772823,69.54074144967586,66.1541
41.0,111.8114980612879,66.94048787772823,69.54074144967586,66.1541
6.0,63.40049178223752,66.94048787772823,69.20664814593776,66.1541
719.0,99.54240933146302,66.94048787772823,69.54074144967586,66.1541
52.0,88.15453303416633,69.91419158143194,69.35455439830731,66.1541
81.0,79.71425501741815,66.94048787772823,69.50721283010108,66.1541
2315.0,84.61661755085777,66.94048787772823,67.60283148489265,66.1541
7.0,107.88607728305126,66.94048787772823,71.23549429978391,67.0965
1369.0,76.28807749197412,66.94048787772823,69.54074144967586,67.0965
1403.0,99.12207612329715,66.94048787772823,67.49378073096726,66.1541
1862.0,112.36890811340423,66.94048787772823,69.54074144967586,66.1541
1817.0,96.5718369582436,66.94048787772823,69.54074144967586,66.1541
558.0,101.82216247238077,66.94048787772823,69.54074144967586,66.1541
363.0,67.95550892055364,66.94048787772823,70.24095896013205,66.1541
221.0,108.34048617810203,66.94048787772823,69.54074144967586,66.1541
135.0,76.28807749197412,66.94048787772823,69.54074144967586,66.1541
7.0,73.30049178223753,66.94048787772823,69.20664814593776,66.1541
404.0,97.78326389580512,66.94048787772823,70.36049429978391,66.1541
79.0,130.04542920529133,66.94048787772823,71.11049429978391,66.1541
473.0,93.63820168956435,66.05259259259259,69.48148183594904,66.1541
0.0,83.702056967865,66.94048787772823,71.11049429978391,66.1541
5.0,94.01898566675139,0.0,71.23549429978391,66.1541
63.0,149.46201937174925,0.0,75.375,67.0965
628609.0,81.72899327034692,0.0,76.31578947368422,68.039
660.0,157.79660035227164,0.0,74.01363636363637,67.0965
1.0,173.09600379118177,0.0,73.33333333333333,66.1541
3641.0,78.99076144551661,0.0,73.46794871794872,66.1541
58282.0,147.81440780345943,210.16723194563133,103.31505376344086,138.723
1406.0,194.58363446963187,0.0,82.31537356321839,67.0965
11411.0,63.07756416522191,72.57142857142857,73.12521199717601,68.039
277.0,0.0,76.5,296.987164648623,68.039
151983.0,93.1449087168196,0.0,100.67259283334629,112.334
3.0,52.564636804351586,73.33333333333333,73.33333333333334,66.1541
933.0,104.60308868600309,0.0,75.28888888888889,66.1541
1150.0,85.37015153102386,0.0,134.0,67.0965
1685.0,16.468333333333334,0.0,74.69269230769231,67.0965
173845.0,149.08201994625048,180.05124083665123,172.90064915915008,257.472
140569.0,177.09286778438062,0.0,151.79591117684987,89.7154
85.0,68.75881602266901,0.0,76.85602968460113,66.1541
464.0,140.24313200239857,0.0,73.02060740684234,66.1541
88758.0,92.33225513765888,0.0,71.57393133205927,67.0965
14793.0,54.90155682131235,0.0,69.45584835103632,66.1541
1429.0,69.47162007510086,0.0,74.53333333333332,68.9815
41.0,38.04507213496518,0.0,73.33333333333334,66.1541
643.0,130.2542736087032,0.0,75.375,67.0965
449.0,69.59004127966976,0.0,74.25,66.1541
337.0,84.6088445148773,0.0,72.16565515094926,66.1541
1127.0,103.07448398714273,0.0,70.41782051282053,66.1541
42.0,101.98980416578375,0.0,72.5364301276066,66.1541
1064.0,122.43225025823025,0.0,415.3178511911353,67.0965
1534.0,131.36226872141475,0.0,415.3178511911353,67.0965
1370.0,147.52310991636074,67.78947368421052,415.3178511911353,66.1541
1017.0,128.84003643923862,0.0,415.3178511911353,66.1541
15676.0,110.93632550054798,0.0,383.9455890419224,66.1541
19364.0,132.20981233088077,3126.6138996139,415.3178511911353,66.1541
1890.0,118.52123624447728,0.0,353.6738350052611,66.1541
9673.0,115.23045429924261,0.0,329.07662368746907,66.1541
1358.0,94.88037508442733,67.78947368421052,415.3178511911353,66.1541
5741.0,142.09323206828074,0.0,415.3178511911353,67.0965
2459.0,141.5723768113524,3126.6138996139,415.3178511911353,67.0965
1893.0,111.05544646925455,0.0,415.3178511911353,66.1541
6936.0,125.56713616340485,0.0,415.3178511911353,66.1541
2335.0,120.10829972801565,3126.6138996139,415.3178511911353,66.1541
4751.0,122.73223459948164,0.0,415.3178511911353,66.1541
10205.0,136.54633289045387,0.0,415.3178511911353,67.0965
16206.0,88.84124945394787,0.0,415.3178511911353,66.1541
7018.0,113.39775842901764,67.78947368421052,415.3178511911353,66.1541
3288.0,88.84124945394787,0.0,415.3178511911353,66.1541
1773.0,115.68512852724773,67.78947368421052,415.3178511911353,66.1541
19604.0,133.71066794803093,0.0,329.48838839335144,66.1541
3338.0,104.38102041705247,0.0,415.3178511911353,66.1541
110037.0,108.25762776326735,97.9390243902439,79.76360544217687,67.0965
2254.0,114.80482397237327,0.0,75.10000000000001,67.0965
35285.0,41.10788424482785,0.0,75.18747677443329,68.039
4459.0,111.7038833070967,0.0,72.54444444444444,66.1541
49960.0,137.07643691348397,0.0,87.99141585395456,93.4852
611.0,65.78703033584421,0.0,74.38095238095238,66.1541
27736.0,94.58618240580213,76.57142857142857,74.10855654761905,67.0965
4189.0,82.9181860376476,0.0,71.50702380952382,66.1541
16.0,124.63228615753462,0.0,70.52631578947368,68.039
248.0,161.0455685240624,0.0,69.68571428571428,66.1541
111087.0,111.7775641652219,0.0,80.25,69.9239
1513.0,108.51534127730737,0.0,74.75,67.0965
2407.0,75.986345641902,0.0,72.5,68.9815
692.0,93.50789124335255,0.0,72.5,68.039
591.0,93.00741522281034,0.0,74.58599695585997,67.0965
243.0,101.61847521972776,67.96174863387978,73.53699633699634,66.1541
7141.0,121.76684640317708,0.0,76.5,68.039
6378.0,65.59151852478169,0.0,74.44678708439898,68.9815
69132.0,123.57166043997888,0.0,221.82608695652175,293.285
281.0,70.22122781174929,0.0,75.16666666666667,66.1541
619.0,68.40716180371354,0.0,68.45793103448275,66.1541
1736.0,450.4702835862327,249.08333333333334,576.375,547.747
1584.0,107.11834703052978,0.0,74.14117647058825,67.0965
2994.0,144.40371136137554,0.0,305.54253868443567,66.1541
5026.0,75.00838660785081,0.0,77.79464285714288,67.0965
6106.0,117.73854990196256,0.0,74.25,66.1541
115.0,52.564636804351586,0.0,71.5,66.1541
191.0,105.00124406984543,0.0,75.42857142857143,66.1541
6.0,22.527701487579254,67.43478260869566,67.73467112597548,66.1541
6.0,22.527701487579254,67.43478260869566,67.50691848645813,66.1541
4.0,0.0,69.0,67.50691848645813,66.1541
4534.0,59.081041714563746,0.0,70.37732719350365,66.1541
13082.0,56.14937289440954,0.0,70.50232719350365,67.0965
15.0,115.90513258503363,67.01541857529698,68.70983360930498,66.1541
1426.0,101.99581792088229,0.0,67.4894838006966,66.1541
9.0,22.527701487579254,67.43478260869566,69.2653397565923,66.1541
64390.0,100.7616646469466,0.0,89.75788857457208,68.039
2154.0,118.07829245958858,74.44444444444444,80.56614141414143,67.0965
11.0,103.14508143219359,66.12987769365172,66.45957092319584,66.1541
149.0,116.17904736435929,66.9791304282578,66.45957092319586,66.1541
93.0,99.58204059802223,66.9791304282578,66.45957092319584,66.1541
46.0,105.19015401071273,67.01449553279971,68.6009688216564,66.1541
7383.0,69.96603938417448,0.0,73.78703703703704,66.1541
279.0,96.74795860521468,0.0,104.9745348764856,68.039
72356.0,93.84344246602558,71.26950354609929,104.04021613053595,104.795
331.0,65.59193805816233,78.71428571428571,71.89285714285714,66.1541
5550368.0,181.2482653226766,0.0,178.28571428571428,240.508
419.0,211.35285816488874,70.72222222222223,359.0740740740741,75.5786
512.0,55.537953322810715,0.0,71.98611111111111,66.1541
53.0,84.09210238136225,0.0,69.33336307741203,66.1541
259.0,28.671620075100865,74.25,71.08235314448454,66.1541
2651.0,130.19177360870316,84.375,77.17565359477125,75.5786
43646.0,164.44143695683837,86.59989515240702,87.16298743151788,69.9239
26.0,100.42068096416648,0.0,68.8013582342954,66.1541
247.0,95.79285135835707,0.0,101.08111849390919,66.1541
776.0,137.9821716114229,73.98571428571428,176.2576388888889,66.1541
10718.0,64.65839348081526,83.4840579710145,0.0,86.888
544.0,201.49255522060355,0.0,72.875,66.1541
33.0,129.25094434333676,82.17542972699697,67.50839146168774,66.1541
739.0,133.16961515966125,0.0,73.26,66.1541
392250.0,91.38194489334194,0.0,490.36764705882354,122.701
30144.0,107.1734253993701,0.0,78.41978993919292,72.7513
173.0,89.50114399848226,66.9791304282578,69.33585047103236,66.1541
1861.0,80.69899156269737,66.9791304282578,68.75388210645822,66.1541
682.0,70.92380952380952,0.0,191.89863469863468,67.0965
1794.0,175.09189223917852,0.0,71.53636363636363,67.0965
197.0,133.58012833044378,0.0,73.5611111111111,66.1541
1522.0,97.65325447812019,68.0625,99.97058823529412,66.1541
53.0,48.791666666666664,0.0,73.89285714285715,66.1541
10031.0,84.75332378729145,0.0,78.25584795321637,82.1758
1096.0,76.80555954215043,0.0,72.6547619047619,66.1541
63251.0,69.82727329061933,135.40369155045119,75.65989838288836,76.5211
283.0,117.0056629790138,66.94048787772823,70.88520305589064,66.1541
6787.0,150.67444353171445,0.0,223.46998928188637,66.1541
19892.0,105.72551211709647,74.47764897074755,74.8463569407091,67.0965
1399.0,0.0,0.0,0.0,66.1541
991.0,105.36627207848717,0.0,70.45833333333333,66.1541
1795.0,73.9381371439828,0.0,71.55882352941177,68.9815
3363.0,79.26923010258491,452.5,136.97435897435898,66.1541
1235.0,78.16327845093616,0.0,72.69196428571429,66.1541
916.0,98.80845656606874,0.0,74.25,66.1541
2943.0,230.06165264523895,0.0,69.31457800511508,67.0965
572.0,95.29389904450008,0.0,69.43095238095239,66.1541
10779.0,77.51146220117698,94.83852568436748,73.32097538366465,66.1541
86745.0,87.40124048592276,0.0,73.93605884939497,66.1541
195.0,105.08788052932498,0.0,73.88888888888889,67.0965
2919.0,150.36838315640017,0.0,74.30103049124787,74.6362
1627.0,128.48182211076508,0.0,73.625,66.1541
2790.0,175.19295321423797,0.0,182.52097022228438,67.0965
9001.0,129.23701479648489,0.0,223.71998928188637,67.0965
1573.0,127.13709947645773,0.0,70.78452380952382,66.1541
73152.0,91.38771178697982,0.0,74.44911825017088,69.9239
2590.0,73.9381371439828,0.0,71.30882352941177,66.1541
115857.0,128.50071704622334,170.47619047619048,138.27094168911754,80.2909
84194.0,326.0253968253968,0.0,682.7777777777778,661.784
281899.0,165.5399699723032,0.0,448.7708333333333,695.712
874.0,69.51286764705883,0.0,69.68578431372549,66.1541
392.0,142.83098726980032,66.9791304282578,80.0518697225573,66.1541
389.0,95.56424029562471,70.44444444444444,223.8850086069408,67.0965
241.0,145.92091722468055,0.0,76.12651515151516,69.9239
62.0,100.71410941010178,66.9791304282578,70.11947125050261,66.1541
159.0,107.11479886507755,66.51408450704226,79.18276515151516,66.1541
735.0,114.51827708956178,0.0,94.24835728952772,66.1541
3230.0,213.38311510607062,0.0,115.74292452830188,72.7513
430.0,120.18052815971426,0.0,70.38168384762811,66.1541
9745.0,120.18052815971426,0.0,70.38168384762811,66.1541
6453.0,70.08618240580212,0.0,125.76236484932137,66.1541
4842.0,118.62216823400956,72.1960752275163,85.4841698974891,66.1541
357.0,126.15512833044382,66.9791304282578,85.4841698974891,66.1541
1291.0,109.54279867262562,66.86746987951807,67.02404242639005,66.1541
724.0,109.11192490802544,66.86746987951807,67.02404242639005,66.1541
396.0,109.09033728266422,66.86746987951807,67.02404242639005,66.1541
174.0,109.11192490802544,66.86746987951807,67.02404242639005,66.1541
783.0,103.43267962500657,66.86746987951807,67.02404242639005,66.1541
67.0,157.32025392528757,68.875,71.63662337662338,67.0965
2315.0,102.56051032344168,0.0,86.16666666666667,66.1541
46265.0,134.6701442180763,349.35963091973616,210.76410962332625,85.9456
45874.0,120.95452782250422,0.0,72.65986498976696,67.0965
1070.0,130.25560019563036,0.0,78.14285714285714,66.1541
329.0,130.16885386092096,67.01225609756098,70.54371367474505,66.1541
2.0,53.900000000000006,0.0,69.3,66.1541
590.0,87.38316473107972,0.0,102.0,66.1541
550.0,134.7527141336728,79.37053571428572,79.66911764705883,66.1541
0.0,92.5152532616995,66.94048787772823,70.11947125050261,66.1541
18425.0,131.63817025663192,106.93939393939394,132.28787878787878,162.284
2893.0,176.00489006156553,0.0,70.71333333333332,66.1541
22.0,69.95767195767196,0.0,69.65079365079364,66.1541
24.0,69.74206349206348,0.0,69.29126984126984,66.1541
52706.0,0.0,75.27272727272728,67.44928039001861,66.1541
39670.0,112.12426613089713,72.98076923076923,66.54662552276197,66.1541
35712.0,127.31414755828301,72.14747064137308,66.55639967690223,66.1541
38016.0,127.31414755828301,157.68571428571428,66.55639967690223,66.1541
41305.0,139.4660527001917,74.43396226415095,68.37164715354645,66.1541
6.0,89.46230482192965,70.19644964594806,74.25,66.1541
2.0,121.82975090522463,68.6510336866951,70.71428571428571,66.1541
1280.0,81.47038331415808,0.0,75.375,67.0965
206.0,89.77812536807473,0.0,103.52107970460912,66.1541
718.0,104.62236337547195,0.0,120.49589322381931,66.1541
1411.0,56.97729475776699,0.0,96.18544661190965,66.1541
1002.0,127.11497382200793,0.0,74.83253588516746,68.039
1016.0,27.832000000000004,0.0,70.78500000000001,66.1541
6861.0,108.37962702379596,0.0,75.375,67.0965
811.0,25.875,77.625,77.27272727272728,69.9239
60.0,144.76472039539476,82.5,70.79690476190476,66.1541
598.0,97.13769755731727,0.0,82.3439393939394,74.6362
68.0,24.75,0.0,73.94444444444444,66.1541
13092.0,105.12927360870317,106.73109454028122,82.5,66.1541
1161.0,234.86637374905513,0.0,372.8904968900632,66.1541
3080.0,134.08472369096927,0.0,414.14714135998685,66.1541
5177.0,136.51122440674064,0.0,422.9691984545566,66.1541
1231.0,198.7800824271296,0.0,422.9691984545566,66.1541
580.0,152.07770832952974,0.0,459.2808644439289,66.1541
217.0,125.27116598888962,0.0,81.27777777777777,66.1541
42.0,83.09722413819146,88.0,88.0,66.1541
0.0,73.33333333333333,0.0,73.26000000000002,66.1541
21.0,83.14429650439001,66.99405269254305,89.1494791230621,66.1541
7.0,99.94012142934545,66.05259259259259,69.24027149321266,66.1541
4251.0,106.52872771218983,0.0,109.95717820545391,66.1541
1127.0,90.13714605903645,66.94048787772823,70.66034651847009,66.1541
160.0,84.32812796817268,66.94048787772823,69.95255040496295,66.1541
165.0,101.15908120550655,66.94048787772823,68.8099474409788,66.1541
8.0,111.14748062481074,78.15275361883853,70.11947125050261,66.1541
2591.0,0.0,0.0,103.71428571428572,66.1541
2571.0,123.27257065619935,69.88235294117646,84.5625,66.1541
3526.0,110.49079945933954,69.88235294117646,80.85,66.1541
8.0,101.85571631215424,66.94048787772823,70.11947125050261,66.1541
1210.0,100.75877718009488,0.0,82.87087912087912,66.1541
3127.0,0.0,0.0,70.75874447717231,66.1541
323779.0,150.18467658386166,0.0,236.72727272727272,370.566
1545.0,54.287715846417136,0.0,90.86449362041468,66.1541
47.0,112.0242105562225,66.99405269254305,68.39398105442419,66.1541
463.0,153.1219277931564,66.99405269254305,68.02423315526451,66.1541
59010.0,138.28382763494056,0.0,183.57142857142858,162.284
605458.0,146.43005966926512,0.0,592.6363636363636,697.597
98.0,127.20433555160871,66.94048787772823,68.65280458383594,66.1541
7.0,117.29891511633959,66.94048787772823,68.99126612229749,66.1541
294.0,112.91708472622517,67.11146430870467,66.9056091676719,66.1541
